step,date,predicted_price,lower_95,upper_95,ridge_pred,gbdt_pred,dnn_pred,volatility_std
1,2025-04-01,2460.14,2112.06,2808.22,2937.46,2877.64,2391.83,177.59
2,2025-04-02,2475.17,1982.91,2967.43,3189.98,2908.51,2396.59,251.15
3,2025-04-03,2493.03,1890.14,3095.93,3351.14,2610.29,2448.53,307.6
4,2025-04-04,2557.34,1861.17,3253.5,3484.0,3179.07,2448.06,355.18
5,2025-04-07,2552.45,1774.12,3330.78,3579.26,2711.34,2496.9,397.11
6,2025-04-08,2449.72,1597.11,3302.34,3623.91,3008.01,2339.64,435.01
7,2025-04-09,2271.26,1350.32,3192.19,3450.06,2951.87,2145.88,469.86
8,2025-04-10,2257.74,1273.22,3242.26,3107.78,2977.31,2139.05,502.31
9,2025-04-11,2237.24,1193.0,3281.48,3001.22,2977.31,2119.02,532.78
10,2025-04-14,2062.7,961.97,3163.43,2995.38,2949.2,1920.48,561.6
11,2025-04-15,1746.33,591.87,2900.78,2656.79,2453.13,1627.1,589.01
12,2025-04-16,1762.22,556.43,2968.01,2154.53,2608.36,1643.88,615.2
13,2025-04-17,1852.13,597.11,3107.16,1933.02,2631.29,1752.96,640.32
14,2025-04-18,1935.53,633.13,3237.92,2150.82,2481.57,1860.48,664.49
